"Number of peptides","Embedding dimension","LSTM dimension","Learning rate","Weight decay","Train ROC AUC","Train precision","Train recall","Train F1 score","Test ROC AUC","Test precision","Test recall","Test F1 score","Loss mean","Loss variance"
"15","3","7","0.01","1e-06","0.84685","0.5534","0.30811","0.39583","0.89651","0.55094","0.7644","0.64035","0.42563500000000004","0.033029588555"
"15","3","7","0.001","1e-06","0.89609","0.65174","0.61287","0.63171","0.87298","0.69802","0.52222","0.59746","0.3447905","0.019378729574750002"
"15","3","7","0.01","1e-07","0.82595","0.49723","0.52582","0.51112","0.88497","0.64","0.30622","0.41424","0.5253545","0.03665704998475"
"15","3","7","0.001","1e-07","0.88816","0.67407","0.6567","0.66527","0.86817","0.49479","0.49738","0.49608","0.390725","0.013920303355"
